date,n_tanker,n_total,n_dry_bulk,n_container,n_roro,capacity_tanker,capacity,tanker_ratio,source
2025-06-15,64.0,107.0,16.0,18.0,5.0,3474991.0,4628220.0,0.5981308411214953,ArcGIS FeatureServer (IMF PortWatch chokepoint6)
2025-06-16,54.0,103.0,15.0,22.0,7.0,2483867.0,3469190.0,0.5242718446601942,ArcGIS FeatureServer (IMF PortWatch chokepoint6)
2025-06-17,49.0,86.0,14.0,18.0,0.0,2656220.0,3851618.0,0.5697674418604651,ArcGIS FeatureServer (IMF PortWatch chokepoint6)
2025-06-18,65.0,123.0,22.0,22.0,3.0,2622368.0,3706997.0,0.5284552845528455,ArcGIS FeatureServer (IMF PortWatch chokepoint6)
2025-06-19,53.0,95.0,12.0,22.0,4.0,3660760.0,4439457.0,0.5578947368421052,ArcGIS FeatureServer (IMF PortWatch chokepoint6)
2025-06-20,51.0,93.0,12.0,22.0,2.0,1848614.0,2909519.0,0.5483870967741935,ArcGIS FeatureServer (IMF PortWatch chokepoint6)
2025-06-21,70.0,120.0,15.0,21.0,5.0,2175749.0,3603979.0,0.5833333333333334,ArcGIS FeatureServer (IMF PortWatch chokepoint6)
2025-06-22,59.0,97.0,12.0,17.0,3.0,3425897.0,4355631.0,0.6082474226804123,ArcGIS FeatureServer (IMF PortWatch chokepoint6)
2025-06-23,39.0,87.0,19.0,19.0,2.0,1903660.0,2923341.0,0.4482758620689655,ArcGIS FeatureServer (IMF PortWatch chokepoint6)
2025-06-24,72.0,113.0,11.0,22.0,1.0,2884807.0,3897899.0,0.6371681415929203,ArcGIS FeatureServer (IMF PortWatch chokepoint6)
2025-06-25,65.0,105.0,16.0,16.0,2.0,3095022.0,3895764.0,0.6190476190476191,ArcGIS FeatureServer (IMF PortWatch chokepoint6)
2025-06-26,46.0,84.0,13.0,22.0,3.0,2729670.0,3892419.0,0.5476190476190477,ArcGIS FeatureServer (IMF PortWatch chokepoint6)
2025-06-27,69.0,116.0,11.0,21.0,4.0,2415550.0,3580439.0,0.5948275862068966,ArcGIS FeatureServer (IMF PortWatch chokepoint6)
2025-06-28,60.0,113.0,18.0,24.0,2.0,3477648.0,4429312.0,0.5309734513274337,ArcGIS FeatureServer (IMF PortWatch chokepoint6)
2025-06-29,64.0,117.0,20.0,21.0,6.0,2661724.0,3743868.0,0.5470085470085471,ArcGIS FeatureServer (IMF PortWatch chokepoint6)
2025-06-30,56.0,103.0,16.0,18.0,4.0,3071945.0,4120752.0,0.5436893203883495,ArcGIS FeatureServer (IMF PortWatch chokepoint6)
2025-07-01,48.0,103.0,19.0,26.0,2.0,1622028.0,2813500.0,0.46601941747572817,ArcGIS FeatureServer (IMF PortWatch chokepoint6)
2025-07-02,64.0,103.0,17.0,17.0,3.0,2604705.0,3644127.0,0.6213592233009708,ArcGIS FeatureServer (IMF PortWatch chokepoint6)
2025-07-03,57.0,99.0,14.0,17.0,7.0,2545505.0,3689082.0,0.5757575757575758,ArcGIS FeatureServer (IMF PortWatch chokepoint6)
2025-07-04,72.0,121.0,18.0,23.0,1.0,3322851.0,4697864.0,0.5950413223140496,ArcGIS FeatureServer (IMF PortWatch chokepoint6)
2025-07-05,67.0,105.0,14.0,18.0,2.0,2195756.0,3165777.0,0.638095238095238,ArcGIS FeatureServer (IMF PortWatch chokepoint6)
2025-07-06,48.0,81.0,13.0,14.0,3.0,1486289.0,2346613.0,0.5925925925925926,ArcGIS FeatureServer (IMF PortWatch chokepoint6)
2025-07-07,44.0,90.0,14.0,19.0,4.0,2426545.0,3690150.0,0.4888888888888889,ArcGIS FeatureServer (IMF PortWatch chokepoint6)
2025-07-08,47.0,96.0,17.0,18.0,4.0,1321643.0,2555924.0,0.4895833333333333,ArcGIS FeatureServer (IMF PortWatch chokepoint6)
2025-07-09,56.0,90.0,13.0,14.0,6.0,2802672.0,3644035.0,0.6222222222222222,ArcGIS FeatureServer (IMF PortWatch chokepoint6)
2025-07-10,60.0,103.0,14.0,19.0,3.0,3187842.0,4434739.0,0.5825242718446602,ArcGIS FeatureServer (IMF PortWatch chokepoint6)
2025-07-11,61.0,91.0,12.0,12.0,3.0,3368827.0,4345351.0,0.6703296703296703,ArcGIS FeatureServer (IMF PortWatch chokepoint6)
2025-07-12,61.0,109.0,19.0,24.0,5.0,3519285.0,4556745.0,0.5596330275229358,ArcGIS FeatureServer (IMF PortWatch chokepoint6)
2025-07-13,52.0,89.0,15.0,18.0,2.0,2108776.0,2966379.0,0.5842696629213483,ArcGIS FeatureServer (IMF PortWatch chokepoint6)
2025-07-14,62.0,110.0,18.0,18.0,6.0,2618316.0,3818587.0,0.5636363636363636,ArcGIS FeatureServer (IMF PortWatch chokepoint6)
2025-07-15,54.0,114.0,18.0,32.0,4.0,2964087.0,4448352.0,0.47368421052631576,ArcGIS FeatureServer (IMF PortWatch chokepoint6)
2025-07-16,65.0,109.0,23.0,14.0,4.0,3058920.0,4046036.0,0.5963302752293578,ArcGIS FeatureServer (IMF PortWatch chokepoint6)
2025-07-17,63.0,113.0,20.0,18.0,5.0,3774830.0,4922081.0,0.5575221238938053,ArcGIS FeatureServer (IMF PortWatch chokepoint6)
2025-07-18,51.0,96.0,16.0,22.0,3.0,2660282.0,3721295.0,0.53125,ArcGIS FeatureServer (IMF PortWatch chokepoint6)
2025-07-19,59.0,96.0,13.0,16.0,3.0,2859181.0,3836971.0,0.6145833333333334,ArcGIS FeatureServer (IMF PortWatch chokepoint6)
2025-07-20,59.0,107.0,17.0,25.0,3.0,2467213.0,3925400.0,0.5514018691588785,ArcGIS FeatureServer (IMF PortWatch chokepoint6)
2025-07-21,47.0,90.0,13.0,17.0,2.0,3163473.0,4108319.0,0.5222222222222223,ArcGIS FeatureServer (IMF PortWatch chokepoint6)
2025-07-22,51.0,106.0,9.0,28.0,8.0,1797156.0,3076858.0,0.4811320754716981,ArcGIS FeatureServer (IMF PortWatch chokepoint6)
2025-07-23,62.0,109.0,22.0,12.0,6.0,2456412.0,3363086.0,0.5688073394495413,ArcGIS FeatureServer (IMF PortWatch chokepoint6)
2025-07-24,50.0,92.0,21.0,15.0,2.0,1989332.0,3161750.0,0.5434782608695652,ArcGIS FeatureServer (IMF PortWatch chokepoint6)
2025-07-25,59.0,99.0,12.0,19.0,5.0,2522855.0,3499758.0,0.5959595959595959,ArcGIS FeatureServer (IMF PortWatch chokepoint6)
2025-07-26,57.0,90.0,10.0,17.0,3.0,3235467.0,4263969.0,0.6333333333333333,ArcGIS FeatureServer (IMF PortWatch chokepoint6)
2025-07-27,58.0,102.0,16.0,16.0,4.0,3098876.0,3895842.0,0.5686274509803921,ArcGIS FeatureServer (IMF PortWatch chokepoint6)
2025-07-28,61.0,102.0,15.0,16.0,5.0,2081081.0,2908429.0,0.5980392156862745,ArcGIS FeatureServer (IMF PortWatch chokepoint6)
2025-07-29,50.0,93.0,12.0,22.0,5.0,1973638.0,3001254.0,0.5376344086021505,ArcGIS FeatureServer (IMF PortWatch chokepoint6)
2025-07-30,61.0,108.0,16.0,20.0,6.0,3564029.0,4856758.0,0.5648148148148148,ArcGIS FeatureServer (IMF PortWatch chokepoint6)
2025-07-31,58.0,105.0,18.0,20.0,2.0,2635950.0,3810702.0,0.5523809523809524,ArcGIS FeatureServer (IMF PortWatch chokepoint6)
2025-08-01,62.0,97.0,11.0,18.0,3.0,2284067.0,3214405.0,0.6391752577319587,ArcGIS FeatureServer (IMF PortWatch chokepoint6)
2025-08-02,63.0,111.0,19.0,20.0,3.0,4312319.0,5506476.0,0.5675675675675675,ArcGIS FeatureServer (IMF PortWatch chokepoint6)
2025-08-03,60.0,102.0,17.0,16.0,3.0,2690634.0,3764862.0,0.5882352941176471,ArcGIS FeatureServer (IMF PortWatch chokepoint6)
2025-08-04,43.0,77.0,16.0,10.0,5.0,1677808.0,2815805.0,0.5584415584415584,ArcGIS FeatureServer (IMF PortWatch chokepoint6)
2025-08-05,62.0,122.0,17.0,31.0,6.0,3091495.0,4356039.0,0.5081967213114754,ArcGIS FeatureServer (IMF PortWatch chokepoint6)
2025-08-06,39.0,86.0,18.0,16.0,5.0,1994192.0,3009289.0,0.45348837209302323,ArcGIS FeatureServer (IMF PortWatch chokepoint6)
2025-08-07,58.0,103.0,7.0,26.0,5.0,3426124.0,4594084.0,0.5631067961165048,ArcGIS FeatureServer (IMF PortWatch chokepoint6)
2025-08-08,57.0,93.0,12.0,19.0,4.0,2518470.0,3295719.0,0.6129032258064516,ArcGIS FeatureServer (IMF PortWatch chokepoint6)
2025-08-09,53.0,91.0,12.0,19.0,4.0,3046645.0,3859203.0,0.5824175824175825,ArcGIS FeatureServer (IMF PortWatch chokepoint6)
2025-08-10,61.0,104.0,20.0,17.0,3.0,3075952.0,4287105.0,0.5865384615384616,ArcGIS FeatureServer (IMF PortWatch chokepoint6)
2025-08-11,63.0,115.0,17.0,21.0,6.0,2424770.0,3464418.0,0.5478260869565217,ArcGIS FeatureServer (IMF PortWatch chokepoint6)
2025-08-12,63.0,120.0,21.0,27.0,2.0,2683247.0,4299434.0,0.525,ArcGIS FeatureServer (IMF PortWatch chokepoint6)
2025-08-13,71.0,120.0,20.0,20.0,5.0,2622836.0,4134730.0,0.5916666666666667,ArcGIS FeatureServer (IMF PortWatch chokepoint6)
2025-08-14,56.0,99.0,16.0,15.0,6.0,2752544.0,3688815.0,0.5656565656565656,ArcGIS FeatureServer (IMF PortWatch chokepoint6)
2025-08-15,58.0,93.0,12.0,13.0,3.0,2486932.0,4010994.0,0.6236559139784946,ArcGIS FeatureServer (IMF PortWatch chokepoint6)
2025-08-16,55.0,103.0,20.0,19.0,2.0,2113867.0,3296241.0,0.5339805825242718,ArcGIS FeatureServer (IMF PortWatch chokepoint6)
2025-08-17,73.0,126.0,19.0,20.0,8.0,3759255.0,4845020.0,0.5793650793650794,ArcGIS FeatureServer (IMF PortWatch chokepoint6)
2025-08-18,49.0,94.0,21.0,18.0,3.0,2015908.0,3297114.0,0.5212765957446809,ArcGIS FeatureServer (IMF PortWatch chokepoint6)
2025-08-19,58.0,114.0,18.0,26.0,6.0,4212376.0,5849591.0,0.5087719298245614,ArcGIS FeatureServer (IMF PortWatch chokepoint6)
2025-08-20,63.0,101.0,10.0,22.0,2.0,3327573.0,4141107.0,0.6237623762376238,ArcGIS FeatureServer (IMF PortWatch chokepoint6)
2025-08-21,46.0,84.0,16.0,15.0,4.0,2448184.0,3738224.0,0.5476190476190477,ArcGIS FeatureServer (IMF PortWatch chokepoint6)
2025-08-22,74.0,114.0,11.0,18.0,5.0,2972540.0,3732068.0,0.6491228070175439,ArcGIS FeatureServer (IMF PortWatch chokepoint6)
2025-08-23,58.0,97.0,12.0,17.0,3.0,2925004.0,4028011.0,0.5979381443298969,ArcGIS FeatureServer (IMF PortWatch chokepoint6)
2025-08-24,65.0,113.0,19.0,21.0,4.0,2906872.0,4128333.0,0.5752212389380531,ArcGIS FeatureServer (IMF PortWatch chokepoint6)
2025-08-25,57.0,99.0,11.0,23.0,3.0,2854416.0,3776010.0,0.5757575757575758,ArcGIS FeatureServer (IMF PortWatch chokepoint6)
2025-08-26,46.0,95.0,13.0,20.0,7.0,3026799.0,4023742.0,0.4842105263157895,ArcGIS FeatureServer (IMF PortWatch chokepoint6)
2025-08-27,61.0,119.0,24.0,19.0,5.0,2575371.0,3785741.0,0.5126050420168067,ArcGIS FeatureServer (IMF PortWatch chokepoint6)
2025-08-28,65.0,111.0,14.0,19.0,5.0,2479732.0,3364249.0,0.5855855855855856,ArcGIS FeatureServer (IMF PortWatch chokepoint6)
2025-08-29,53.0,100.0,14.0,23.0,5.0,2324105.0,3550219.0,0.53,ArcGIS FeatureServer (IMF PortWatch chokepoint6)
2025-08-30,72.0,115.0,17.0,15.0,4.0,4274827.0,5447518.0,0.6260869565217392,ArcGIS FeatureServer (IMF PortWatch chokepoint6)
2025-08-31,64.0,110.0,17.0,16.0,6.0,2769470.0,3491624.0,0.5818181818181818,ArcGIS FeatureServer (IMF PortWatch chokepoint6)
2025-09-01,68.0,115.0,9.0,31.0,1.0,2925840.0,4231484.0,0.591304347826087,ArcGIS FeatureServer (IMF PortWatch chokepoint6)
2025-09-02,52.0,86.0,13.0,15.0,3.0,1976215.0,2780904.0,0.6046511627906976,ArcGIS FeatureServer (IMF PortWatch chokepoint6)
2025-09-03,53.0,115.0,25.0,21.0,7.0,2686889.0,4045711.0,0.4608695652173913,ArcGIS FeatureServer (IMF PortWatch chokepoint6)
2025-09-04,60.0,94.0,13.0,14.0,3.0,2201762.0,3152756.0,0.6382978723404256,ArcGIS FeatureServer (IMF PortWatch chokepoint6)
2025-09-05,74.0,125.0,22.0,23.0,1.0,3527492.0,4778957.0,0.592,ArcGIS FeatureServer (IMF PortWatch chokepoint6)
2025-09-06,65.0,104.0,11.0,19.0,3.0,2654537.0,3667545.0,0.625,ArcGIS FeatureServer (IMF PortWatch chokepoint6)
2025-09-07,52.0,97.0,16.0,17.0,4.0,2778529.0,4527689.0,0.5360824742268041,ArcGIS FeatureServer (IMF PortWatch chokepoint6)
2025-09-08,54.0,92.0,14.0,17.0,3.0,2920562.0,4196780.0,0.5869565217391305,ArcGIS FeatureServer (IMF PortWatch chokepoint6)
2025-09-09,57.0,111.0,15.0,24.0,5.0,1877149.0,3271944.0,0.5135135135135135,ArcGIS FeatureServer (IMF PortWatch chokepoint6)
2025-09-10,49.0,95.0,16.0,18.0,5.0,2665503.0,3586845.0,0.5157894736842106,ArcGIS FeatureServer (IMF PortWatch chokepoint6)
2025-09-11,39.0,93.0,12.0,27.0,5.0,2198883.0,3587048.0,0.41935483870967744,ArcGIS FeatureServer (IMF PortWatch chokepoint6)
2025-09-12,57.0,87.0,8.0,12.0,4.0,2321963.0,3056963.0,0.6551724137931034,ArcGIS FeatureServer (IMF PortWatch chokepoint6)
2025-09-13,44.0,80.0,11.0,20.0,2.0,2413575.0,3780725.0,0.55,ArcGIS FeatureServer (IMF PortWatch chokepoint6)
2025-09-14,60.0,94.0,14.0,13.0,3.0,2675832.0,3443344.0,0.6382978723404256,ArcGIS FeatureServer (IMF PortWatch chokepoint6)
2025-09-15,43.0,81.0,15.0,15.0,3.0,2318286.0,3012949.0,0.5308641975308642,ArcGIS FeatureServer (IMF PortWatch chokepoint6)
2025-09-16,66.0,109.0,16.0,21.0,6.0,2432596.0,3796140.0,0.6055045871559633,ArcGIS FeatureServer (IMF PortWatch chokepoint6)
2025-09-17,59.0,107.0,12.0,23.0,8.0,2623001.0,3410546.0,0.5514018691588785,ArcGIS FeatureServer (IMF PortWatch chokepoint6)
2025-09-18,69.0,117.0,20.0,20.0,6.0,2618766.0,3942878.0,0.5897435897435898,ArcGIS FeatureServer (IMF PortWatch chokepoint6)
2025-09-19,51.0,99.0,12.0,23.0,5.0,2513896.0,3759841.0,0.5151515151515151,ArcGIS FeatureServer (IMF PortWatch chokepoint6)
2025-09-20,61.0,90.0,13.0,10.0,3.0,2561095.0,3336507.0,0.6777777777777778,ArcGIS FeatureServer (IMF PortWatch chokepoint6)
2025-09-21,61.0,91.0,13.0,14.0,2.0,3066023.0,3869973.0,0.6703296703296703,ArcGIS FeatureServer (IMF PortWatch chokepoint6)
2025-09-22,48.0,91.0,17.0,17.0,2.0,2363714.0,3213298.0,0.5274725274725275,ArcGIS FeatureServer (IMF PortWatch chokepoint6)
2025-09-23,62.0,107.0,14.0,21.0,5.0,2902471.0,3942299.0,0.5794392523364486,ArcGIS FeatureServer (IMF PortWatch chokepoint6)
2025-09-24,54.0,88.0,11.0,13.0,6.0,2284786.0,3169691.0,0.6136363636363636,ArcGIS FeatureServer (IMF PortWatch chokepoint6)
2025-09-25,45.0,88.0,14.0,22.0,2.0,2391102.0,3608092.0,0.5113636363636364,ArcGIS FeatureServer (IMF PortWatch chokepoint6)
2025-09-26,53.0,99.0,22.0,19.0,2.0,1486924.0,2898553.0,0.5353535353535354,ArcGIS FeatureServer (IMF PortWatch chokepoint6)
2025-09-27,66.0,109.0,15.0,20.0,1.0,3425694.0,4562843.0,0.6055045871559633,ArcGIS FeatureServer (IMF PortWatch chokepoint6)
2025-09-28,72.0,120.0,18.0,21.0,0.0,3596066.0,5005253.0,0.6,ArcGIS FeatureServer (IMF PortWatch chokepoint6)
2025-09-29,70.0,126.0,21.0,22.0,9.0,2604900.0,4114335.0,0.5555555555555556,ArcGIS FeatureServer (IMF PortWatch chokepoint6)
2025-09-30,56.0,103.0,11.0,22.0,4.0,2206044.0,3429599.0,0.5436893203883495,ArcGIS FeatureServer (IMF PortWatch chokepoint6)
2025-10-01,67.0,114.0,14.0,20.0,3.0,2606835.0,3535021.0,0.5877192982456141,ArcGIS FeatureServer (IMF PortWatch chokepoint6)
2025-10-02,57.0,94.0,13.0,17.0,4.0,4094564.0,5011008.0,0.6063829787234043,ArcGIS FeatureServer (IMF PortWatch chokepoint6)
2025-10-03,58.0,113.0,19.0,27.0,6.0,3307649.0,4678949.0,0.5132743362831859,ArcGIS FeatureServer (IMF PortWatch chokepoint6)
2025-10-04,72.0,117.0,13.0,24.0,3.0,1884716.0,2929841.0,0.6153846153846154,ArcGIS FeatureServer (IMF PortWatch chokepoint6)
2025-10-05,61.0,104.0,16.0,17.0,3.0,3186815.0,4286708.0,0.5865384615384616,ArcGIS FeatureServer (IMF PortWatch chokepoint6)
2025-10-06,52.0,93.0,16.0,21.0,2.0,2626892.0,4103969.0,0.5591397849462365,ArcGIS FeatureServer (IMF PortWatch chokepoint6)
2025-10-07,67.0,123.0,20.0,21.0,9.0,3229733.0,4374409.0,0.5447154471544715,ArcGIS FeatureServer (IMF PortWatch chokepoint6)
2025-10-08,37.0,79.0,15.0,16.0,5.0,1404386.0,2334506.0,0.46835443037974683,ArcGIS FeatureServer (IMF PortWatch chokepoint6)
2025-10-09,44.0,77.0,16.0,15.0,1.0,2195625.0,3014727.0,0.5714285714285714,ArcGIS FeatureServer (IMF PortWatch chokepoint6)
2025-10-10,43.0,84.0,14.0,16.0,3.0,1419223.0,2226281.0,0.5119047619047619,ArcGIS FeatureServer (IMF PortWatch chokepoint6)
2025-10-11,49.0,91.0,15.0,18.0,5.0,2300405.0,3440246.0,0.5384615384615384,ArcGIS FeatureServer (IMF PortWatch chokepoint6)
2025-10-12,45.0,83.0,12.0,16.0,3.0,1528892.0,2942277.0,0.5421686746987951,ArcGIS FeatureServer (IMF PortWatch chokepoint6)
2025-10-13,54.0,100.0,17.0,14.0,6.0,2310620.0,3683852.0,0.54,ArcGIS FeatureServer (IMF PortWatch chokepoint6)
2025-10-14,62.0,119.0,24.0,24.0,3.0,4393694.0,6286419.0,0.5210084033613446,ArcGIS FeatureServer (IMF PortWatch chokepoint6)
2025-10-15,49.0,81.0,9.0,16.0,4.0,2365465.0,2919655.0,0.6049382716049383,ArcGIS FeatureServer (IMF PortWatch chokepoint6)
2025-10-16,40.0,66.0,12.0,11.0,1.0,2567629.0,3491154.0,0.6060606060606061,ArcGIS FeatureServer (IMF PortWatch chokepoint6)
2025-10-17,36.0,81.0,21.0,15.0,4.0,1312288.0,2799143.0,0.4444444444444444,ArcGIS FeatureServer (IMF PortWatch chokepoint6)
2025-10-18,38.0,71.0,11.0,14.0,4.0,1261363.0,2410338.0,0.5352112676056338,ArcGIS FeatureServer (IMF PortWatch chokepoint6)
2025-10-19,59.0,101.0,20.0,17.0,3.0,2274453.0,3700917.0,0.5841584158415841,ArcGIS FeatureServer (IMF PortWatch chokepoint6)
2025-10-20,49.0,80.0,11.0,12.0,6.0,2426283.0,3624416.0,0.6125,ArcGIS FeatureServer (IMF PortWatch chokepoint6)
2025-10-21,59.0,114.0,20.0,25.0,3.0,2646512.0,4056002.0,0.5175438596491229,ArcGIS FeatureServer (IMF PortWatch chokepoint6)
2025-10-22,65.0,113.0,16.0,22.0,7.0,3643368.0,4592243.0,0.5752212389380531,ArcGIS FeatureServer (IMF PortWatch chokepoint6)
2025-10-23,53.0,97.0,17.0,16.0,4.0,2174187.0,3311075.0,0.5463917525773195,ArcGIS FeatureServer (IMF PortWatch chokepoint6)
2025-10-24,59.0,99.0,20.0,15.0,2.0,2137015.0,3725573.0,0.5959595959595959,ArcGIS FeatureServer (IMF PortWatch chokepoint6)
2025-10-25,57.0,96.0,18.0,14.0,3.0,3116470.0,4306121.0,0.59375,ArcGIS FeatureServer (IMF PortWatch chokepoint6)
2025-10-26,49.0,88.0,12.0,21.0,2.0,2579468.0,3579702.0,0.5568181818181818,ArcGIS FeatureServer (IMF PortWatch chokepoint6)
2025-10-27,50.0,101.0,11.0,26.0,8.0,2359929.0,3455485.0,0.49504950495049505,ArcGIS FeatureServer (IMF PortWatch chokepoint6)
2025-10-28,60.0,109.0,18.0,26.0,3.0,2254395.0,3452230.0,0.5504587155963303,ArcGIS FeatureServer (IMF PortWatch chokepoint6)
2025-10-29,71.0,115.0,16.0,18.0,2.0,2978284.0,3970638.0,0.6173913043478261,ArcGIS FeatureServer (IMF PortWatch chokepoint6)
2025-10-30,46.0,95.0,15.0,19.0,7.0,2196091.0,3420040.0,0.4842105263157895,ArcGIS FeatureServer (IMF PortWatch chokepoint6)
2025-10-31,48.0,88.0,20.0,19.0,0.0,2885142.0,4052039.0,0.5454545454545454,ArcGIS FeatureServer (IMF PortWatch chokepoint6)
2025-11-01,41.0,74.0,16.0,14.0,1.0,989531.0,2050963.0,0.5540540540540541,ArcGIS FeatureServer (IMF PortWatch chokepoint6)
2025-11-02,41.0,65.0,5.0,12.0,3.0,2340316.0,2815924.0,0.6307692307692307,ArcGIS FeatureServer (IMF PortWatch chokepoint6)
2025-11-03,37.0,66.0,12.0,11.0,3.0,1900089.0,2710321.0,0.5606060606060606,ArcGIS FeatureServer (IMF PortWatch chokepoint6)
2025-11-04,54.0,87.0,14.0,15.0,2.0,1407208.0,2444936.0,0.6206896551724138,ArcGIS FeatureServer (IMF PortWatch chokepoint6)
2025-11-05,57.0,94.0,13.0,16.0,5.0,2831281.0,3753317.0,0.6063829787234043,ArcGIS FeatureServer (IMF PortWatch chokepoint6)
2025-11-06,47.0,76.0,11.0,14.0,1.0,2547670.0,3221883.0,0.618421052631579,ArcGIS FeatureServer (IMF PortWatch chokepoint6)
2025-11-07,35.0,79.0,19.0,17.0,4.0,2158733.0,3239505.0,0.4430379746835443,ArcGIS FeatureServer (IMF PortWatch chokepoint6)
2025-11-08,57.0,98.0,21.0,14.0,4.0,2810280.0,3621933.0,0.5816326530612245,ArcGIS FeatureServer (IMF PortWatch chokepoint6)
2025-11-09,45.0,75.0,8.0,15.0,3.0,1963131.0,2854916.0,0.6,ArcGIS FeatureServer (IMF PortWatch chokepoint6)
2025-11-10,40.0,70.0,15.0,9.0,4.0,2128791.0,3199337.0,0.5714285714285714,ArcGIS FeatureServer (IMF PortWatch chokepoint6)
2025-11-11,67.0,108.0,13.0,21.0,3.0,2810422.0,3624086.0,0.6203703703703703,ArcGIS FeatureServer (IMF PortWatch chokepoint6)
2025-11-12,52.0,89.0,16.0,14.0,3.0,3050801.0,3911707.0,0.5842696629213483,ArcGIS FeatureServer (IMF PortWatch chokepoint6)
2025-11-13,54.0,104.0,22.0,19.0,1.0,2030125.0,3591344.0,0.5192307692307693,ArcGIS FeatureServer (IMF PortWatch chokepoint6)
2025-11-14,52.0,87.0,13.0,11.0,8.0,2864994.0,3777070.0,0.5977011494252874,ArcGIS FeatureServer (IMF PortWatch chokepoint6)
2025-11-15,44.0,85.0,15.0,19.0,3.0,2958343.0,4279777.0,0.5176470588235295,ArcGIS FeatureServer (IMF PortWatch chokepoint6)
2025-11-16,38.0,76.0,17.0,15.0,2.0,2076111.0,3498418.0,0.5,ArcGIS FeatureServer (IMF PortWatch chokepoint6)
2025-11-17,44.0,80.0,12.0,16.0,3.0,1892155.0,3019584.0,0.55,ArcGIS FeatureServer (IMF PortWatch chokepoint6)
2025-11-18,55.0,103.0,19.0,17.0,7.0,2482468.0,3870684.0,0.5339805825242718,ArcGIS FeatureServer (IMF PortWatch chokepoint6)
2025-11-19,52.0,88.0,15.0,12.0,7.0,3285843.0,4290016.0,0.5909090909090909,ArcGIS FeatureServer (IMF PortWatch chokepoint6)
2025-11-20,67.0,99.0,10.0,15.0,3.0,3493012.0,4326938.0,0.6767676767676768,ArcGIS FeatureServer (IMF PortWatch chokepoint6)
2025-11-21,57.0,87.0,12.0,12.0,3.0,3367819.0,4233974.0,0.6551724137931034,ArcGIS FeatureServer (IMF PortWatch chokepoint6)
2025-11-22,45.0,89.0,15.0,20.0,4.0,2321273.0,3213445.0,0.5056179775280899,ArcGIS FeatureServer (IMF PortWatch chokepoint6)
2025-11-23,49.0,87.0,11.0,18.0,5.0,2795655.0,3610235.0,0.5632183908045977,ArcGIS FeatureServer (IMF PortWatch chokepoint6)
2025-11-24,46.0,75.0,10.0,14.0,3.0,2002448.0,2867688.0,0.6133333333333333,ArcGIS FeatureServer (IMF PortWatch chokepoint6)
2025-11-25,51.0,87.0,18.0,11.0,4.0,2526726.0,3844657.0,0.5862068965517241,ArcGIS FeatureServer (IMF PortWatch chokepoint6)
2025-11-26,31.0,55.0,6.0,10.0,3.0,1546137.0,2105255.0,0.5636363636363636,ArcGIS FeatureServer (IMF PortWatch chokepoint6)
2025-11-27,35.0,67.0,14.0,12.0,1.0,2170187.0,3126417.0,0.5223880597014925,ArcGIS FeatureServer (IMF PortWatch chokepoint6)
2025-11-28,30.0,58.0,14.0,8.0,4.0,1137836.0,1882852.0,0.5172413793103449,ArcGIS FeatureServer (IMF PortWatch chokepoint6)
2025-11-29,35.0,67.0,10.0,16.0,2.0,1264273.0,1951813.0,0.5223880597014925,ArcGIS FeatureServer (IMF PortWatch chokepoint6)
2025-11-30,41.0,65.0,7.0,9.0,1.0,3476725.0,3986981.0,0.6307692307692307,ArcGIS FeatureServer (IMF PortWatch chokepoint6)
2025-12-01,40.0,78.0,19.0,10.0,1.0,3014483.0,4305957.0,0.5128205128205128,ArcGIS FeatureServer (IMF PortWatch chokepoint6)
2025-12-02,36.0,73.0,16.0,14.0,3.0,1995273.0,2892411.0,0.4931506849315068,ArcGIS FeatureServer (IMF PortWatch chokepoint6)
2025-12-03,30.0,59.0,9.0,14.0,4.0,2075899.0,2906772.0,0.5084745762711864,ArcGIS FeatureServer (IMF PortWatch chokepoint6)
2025-12-04,42.0,59.0,8.0,8.0,0.0,2578455.0,3275554.0,0.711864406779661,ArcGIS FeatureServer (IMF PortWatch chokepoint6)
2025-12-05,31.0,50.0,12.0,5.0,0.0,1768355.0,2089682.0,0.62,ArcGIS FeatureServer (IMF PortWatch chokepoint6)
2025-12-06,41.0,71.0,13.0,12.0,4.0,1872400.0,2590319.0,0.5774647887323944,ArcGIS FeatureServer (IMF PortWatch chokepoint6)
2025-12-07,46.0,69.0,10.0,8.0,2.0,2132826.0,2795350.0,0.6666666666666666,ArcGIS FeatureServer (IMF PortWatch chokepoint6)
2025-12-08,31.0,62.0,13.0,11.0,4.0,1240236.0,2237002.0,0.5,ArcGIS FeatureServer (IMF PortWatch chokepoint6)
2025-12-09,46.0,97.0,24.0,18.0,3.0,1739980.0,3124419.0,0.4742268041237113,ArcGIS FeatureServer (IMF PortWatch chokepoint6)
2025-12-10,32.0,53.0,9.0,6.0,1.0,1486855.0,2549259.0,0.6037735849056604,ArcGIS FeatureServer (IMF PortWatch chokepoint6)
2025-12-11,35.0,59.0,7.0,11.0,2.0,1899427.0,2276431.0,0.5932203389830508,ArcGIS FeatureServer (IMF PortWatch chokepoint6)
2025-12-12,29.0,51.0,10.0,8.0,2.0,1940360.0,2589177.0,0.5686274509803921,ArcGIS FeatureServer (IMF PortWatch chokepoint6)
2025-12-13,31.0,57.0,9.0,12.0,2.0,1730372.0,2532636.0,0.543859649122807,ArcGIS FeatureServer (IMF PortWatch chokepoint6)
2025-12-14,42.0,62.0,6.0,11.0,1.0,2693224.0,3166752.0,0.6774193548387096,ArcGIS FeatureServer (IMF PortWatch chokepoint6)
2025-12-15,29.0,68.0,12.0,16.0,7.0,2076246.0,3269168.0,0.4264705882352941,ArcGIS FeatureServer (IMF PortWatch chokepoint6)
2025-12-16,46.0,75.0,10.0,17.0,1.0,2934155.0,3960364.0,0.6133333333333333,ArcGIS FeatureServer (IMF PortWatch chokepoint6)
2025-12-17,38.0,59.0,10.0,7.0,2.0,1401184.0,2010478.0,0.6440677966101694,ArcGIS FeatureServer (IMF PortWatch chokepoint6)
2025-12-18,40.0,70.0,11.0,13.0,2.0,2210027.0,3207472.0,0.5714285714285714,ArcGIS FeatureServer (IMF PortWatch chokepoint6)
2025-12-19,29.0,52.0,8.0,12.0,1.0,1817156.0,2443658.0,0.5576923076923077,ArcGIS FeatureServer (IMF PortWatch chokepoint6)
2025-12-20,26.0,57.0,12.0,11.0,3.0,1102870.0,1993997.0,0.45614035087719296,ArcGIS FeatureServer (IMF PortWatch chokepoint6)
2025-12-21,30.0,57.0,12.0,13.0,1.0,900778.0,2115006.0,0.5263157894736842,ArcGIS FeatureServer (IMF PortWatch chokepoint6)
2025-12-22,31.0,58.0,11.0,10.0,2.0,1306879.0,1972397.0,0.5344827586206896,ArcGIS FeatureServer (IMF PortWatch chokepoint6)
2025-12-23,36.0,74.0,15.0,18.0,3.0,2611062.0,3634914.0,0.4864864864864865,ArcGIS FeatureServer (IMF PortWatch chokepoint6)
2025-12-24,32.0,75.0,19.0,16.0,3.0,1505153.0,3040246.0,0.4266666666666667,ArcGIS FeatureServer (IMF PortWatch chokepoint6)
2025-12-25,48.0,85.0,19.0,9.0,6.0,1779613.0,3036515.0,0.5647058823529412,ArcGIS FeatureServer (IMF PortWatch chokepoint6)
2025-12-26,46.0,76.0,12.0,13.0,2.0,2997250.0,3929642.0,0.6052631578947368,ArcGIS FeatureServer (IMF PortWatch chokepoint6)
2025-12-27,49.0,79.0,11.0,12.0,1.0,2079995.0,2942641.0,0.620253164556962,ArcGIS FeatureServer (IMF PortWatch chokepoint6)
2025-12-28,36.0,75.0,19.0,8.0,5.0,2553047.0,3455104.0,0.48,ArcGIS FeatureServer (IMF PortWatch chokepoint6)
2025-12-29,38.0,70.0,8.0,15.0,3.0,1377943.0,2400958.0,0.5428571428571428,ArcGIS FeatureServer (IMF PortWatch chokepoint6)
2025-12-30,40.0,74.0,10.0,16.0,3.0,2287245.0,3318388.0,0.5405405405405406,ArcGIS FeatureServer (IMF PortWatch chokepoint6)
2025-12-31,55.0,86.0,12.0,12.0,5.0,3602283.0,4254195.0,0.6395348837209303,ArcGIS FeatureServer (IMF PortWatch chokepoint6)
2026-01-01,33.0,68.0,5.0,20.0,5.0,2624205.0,3467991.0,0.4852941176470588,ArcGIS FeatureServer (IMF PortWatch chokepoint6)
2026-01-02,33.0,65.0,16.0,10.0,2.0,1549060.0,2547180.0,0.5076923076923077,ArcGIS FeatureServer (IMF PortWatch chokepoint6)
2026-01-03,41.0,69.0,8.0,13.0,4.0,2374280.0,3687138.0,0.5942028985507246,ArcGIS FeatureServer (IMF PortWatch chokepoint6)
2026-01-04,35.0,71.0,18.0,10.0,4.0,2561406.0,3829836.0,0.49295774647887325,ArcGIS FeatureServer (IMF PortWatch chokepoint6)
2026-01-05,36.0,64.0,10.0,13.0,0.0,2395675.0,3386213.0,0.5625,ArcGIS FeatureServer (IMF PortWatch chokepoint6)
2026-01-06,40.0,82.0,8.0,22.0,6.0,915988.0,1897735.0,0.4878048780487805,ArcGIS FeatureServer (IMF PortWatch chokepoint6)
2026-01-07,47.0,84.0,12.0,17.0,6.0,2584320.0,3433685.0,0.5595238095238095,ArcGIS FeatureServer (IMF PortWatch chokepoint6)
2026-01-08,40.0,70.0,14.0,11.0,3.0,2369001.0,3363498.0,0.5714285714285714,ArcGIS FeatureServer (IMF PortWatch chokepoint6)
2026-01-09,50.0,90.0,19.0,9.0,6.0,3658756.0,4550575.0,0.5555555555555556,ArcGIS FeatureServer (IMF PortWatch chokepoint6)
2026-01-10,41.0,77.0,13.0,10.0,5.0,1621746.0,2306834.0,0.5324675324675324,ArcGIS FeatureServer (IMF PortWatch chokepoint6)
2026-01-11,39.0,77.0,14.0,15.0,7.0,2338412.0,3242399.0,0.5064935064935064,ArcGIS FeatureServer (IMF PortWatch chokepoint6)
2026-01-12,44.0,71.0,6.0,10.0,6.0,2194921.0,2810229.0,0.6197183098591549,ArcGIS FeatureServer (IMF PortWatch chokepoint6)
2026-01-13,31.0,63.0,11.0,15.0,3.0,984609.0,1854498.0,0.49206349206349204,ArcGIS FeatureServer (IMF PortWatch chokepoint6)
2026-01-14,42.0,78.0,18.0,10.0,2.0,1953567.0,2807684.0,0.5384615384615384,ArcGIS FeatureServer (IMF PortWatch chokepoint6)
2026-01-15,41.0,73.0,14.0,13.0,1.0,2550787.0,3461994.0,0.5616438356164384,ArcGIS FeatureServer (IMF PortWatch chokepoint6)
2026-01-16,40.0,75.0,12.0,13.0,7.0,1982949.0,2939438.0,0.5333333333333333,ArcGIS FeatureServer (IMF PortWatch chokepoint6)
2026-01-17,31.0,55.0,8.0,11.0,1.0,2035317.0,2772740.0,0.5636363636363636,ArcGIS FeatureServer (IMF PortWatch chokepoint6)
2026-01-18,29.0,72.0,14.0,17.0,4.0,2262245.0,3312698.0,0.4027777777777778,ArcGIS FeatureServer (IMF PortWatch chokepoint6)
2026-01-19,41.0,78.0,13.0,12.0,4.0,1184740.0,2675034.0,0.5256410256410257,ArcGIS FeatureServer (IMF PortWatch chokepoint6)
2026-01-20,47.0,85.0,14.0,18.0,5.0,2692059.0,3849792.0,0.5529411764705883,ArcGIS FeatureServer (IMF PortWatch chokepoint6)
2026-01-21,42.0,73.0,12.0,13.0,3.0,3199140.0,4147580.0,0.5753424657534246,ArcGIS FeatureServer (IMF PortWatch chokepoint6)
2026-01-22,36.0,68.0,14.0,8.0,6.0,1463105.0,2450957.0,0.5294117647058824,ArcGIS FeatureServer (IMF PortWatch chokepoint6)
2026-01-23,29.0,62.0,10.0,12.0,4.0,2489398.0,3361597.0,0.46774193548387094,ArcGIS FeatureServer (IMF PortWatch chokepoint6)
2026-01-24,31.0,63.0,16.0,10.0,4.0,1217182.0,2000025.0,0.49206349206349204,ArcGIS FeatureServer (IMF PortWatch chokepoint6)
2026-01-25,59.0,90.0,7.0,14.0,5.0,3526111.0,4223527.0,0.6555555555555556,ArcGIS FeatureServer (IMF PortWatch chokepoint6)
2026-01-26,28.0,54.0,6.0,10.0,3.0,1508018.0,2151673.0,0.5185185185185185,ArcGIS FeatureServer (IMF PortWatch chokepoint6)
2026-01-27,42.0,79.0,11.0,21.0,2.0,2596539.0,3216916.0,0.5316455696202531,ArcGIS FeatureServer (IMF PortWatch chokepoint6)
2026-01-28,40.0,67.0,8.0,12.0,3.0,1314581.0,1983507.0,0.5970149253731343,ArcGIS FeatureServer (IMF PortWatch chokepoint6)
2026-01-29,48.0,86.0,15.0,13.0,4.0,2514977.0,3319077.0,0.5581395348837209,ArcGIS FeatureServer (IMF PortWatch chokepoint6)
2026-01-30,48.0,86.0,10.0,17.0,5.0,2770122.0,3704890.0,0.5581395348837209,ArcGIS FeatureServer (IMF PortWatch chokepoint6)
2026-01-31,56.0,100.0,16.0,16.0,4.0,3061927.0,4743582.0,0.56,ArcGIS FeatureServer (IMF PortWatch chokepoint6)
2026-02-01,37.0,80.0,17.0,18.0,4.0,2360180.0,3455943.0,0.4625,ArcGIS FeatureServer (IMF PortWatch chokepoint6)
2026-02-02,55.0,90.0,10.0,13.0,4.0,4060874.0,5043951.0,0.6111111111111112,ArcGIS FeatureServer (IMF PortWatch chokepoint6)
2026-02-03,45.0,83.0,13.0,18.0,1.0,1753051.0,2807166.0,0.5421686746987951,ArcGIS FeatureServer (IMF PortWatch chokepoint6)
2026-02-04,43.0,77.0,10.0,14.0,3.0,1973736.0,2736325.0,0.5584415584415584,ArcGIS FeatureServer (IMF PortWatch chokepoint6)
2026-02-05,46.0,89.0,18.0,15.0,6.0,2705556.0,3807630.0,0.5168539325842697,ArcGIS FeatureServer (IMF PortWatch chokepoint6)
2026-02-06,50.0,82.0,13.0,14.0,3.0,2633514.0,3299200.0,0.6097560975609756,ArcGIS FeatureServer (IMF PortWatch chokepoint6)
2026-02-07,48.0,90.0,25.0,13.0,1.0,2315954.0,3320787.0,0.5333333333333333,ArcGIS FeatureServer (IMF PortWatch chokepoint6)
2026-02-08,49.0,90.0,15.0,16.0,3.0,2285657.0,3120019.0,0.5444444444444444,ArcGIS FeatureServer (IMF PortWatch chokepoint6)
2026-02-09,41.0,66.0,12.0,8.0,3.0,1858114.0,3059920.0,0.6212121212121212,ArcGIS FeatureServer (IMF PortWatch chokepoint6)
2026-02-10,59.0,95.0,16.0,15.0,2.0,3929442.0,5086272.0,0.6210526315789474,ArcGIS FeatureServer (IMF PortWatch chokepoint6)
2026-02-11,46.0,82.0,17.0,12.0,3.0,1772127.0,2606674.0,0.5609756097560976,ArcGIS FeatureServer (IMF PortWatch chokepoint6)
2026-02-12,55.0,119.0,29.0,21.0,5.0,2755205.0,4308312.0,0.46218487394957986,ArcGIS FeatureServer (IMF PortWatch chokepoint6)
2026-02-13,64.0,110.0,18.0,17.0,6.0,2584875.0,3752907.0,0.5818181818181818,ArcGIS FeatureServer (IMF PortWatch chokepoint6)
2026-02-14,58.0,99.0,16.0,18.0,1.0,2427837.0,3383669.0,0.5858585858585859,ArcGIS FeatureServer (IMF PortWatch chokepoint6)
2026-02-15,50.0,87.0,18.0,12.0,3.0,2550407.0,3894704.0,0.5747126436781609,ArcGIS FeatureServer (IMF PortWatch chokepoint6)
2026-02-16,60.0,95.0,12.0,10.0,4.0,2988622.0,3456853.0,0.631578947368421,ArcGIS FeatureServer (IMF PortWatch chokepoint6)
2026-02-17,43.0,91.0,14.0,24.0,5.0,2386408.0,3853369.0,0.4725274725274725,ArcGIS FeatureServer (IMF PortWatch chokepoint6)
2026-02-18,52.0,113.0,22.0,25.0,8.0,2779866.0,4270295.0,0.46017699115044247,ArcGIS FeatureServer (IMF PortWatch chokepoint6)
2026-02-19,62.0,115.0,22.0,21.0,2.0,3662867.0,5460852.0,0.5391304347826087,ArcGIS FeatureServer (IMF PortWatch chokepoint6)
2026-02-20,54.0,90.0,14.0,16.0,2.0,2433032.0,3511675.0,0.6,ArcGIS FeatureServer (IMF PortWatch chokepoint6)
2026-02-21,54.0,94.0,21.0,14.0,2.0,2289889.0,3017254.0,0.574468085106383,ArcGIS FeatureServer (IMF PortWatch chokepoint6)
2026-02-22,72.0,129.0,22.0,28.0,3.0,3433752.0,5251976.0,0.5581395348837209,ArcGIS FeatureServer (IMF PortWatch chokepoint6)
2026-02-23,62.0,103.0,12.0,13.0,6.0,2288511.0,3070257.0,0.6019417475728155,ArcGIS FeatureServer (IMF PortWatch chokepoint6)
2026-02-24,55.0,107.0,23.0,18.0,6.0,1911840.0,3510997.0,0.514018691588785,ArcGIS FeatureServer (IMF PortWatch chokepoint6)
2026-02-25,58.0,109.0,15.0,28.0,2.0,4484145.0,5782553.0,0.5321100917431193,ArcGIS FeatureServer (IMF PortWatch chokepoint6)
2026-02-26,53.0,102.0,14.0,20.0,3.0,1611556.0,2724369.0,0.5196078431372549,ArcGIS FeatureServer (IMF PortWatch chokepoint6)
2026-02-27,53.0,95.0,23.0,12.0,2.0,3153071.0,4417770.0,0.5578947368421052,ArcGIS FeatureServer (IMF PortWatch chokepoint6)
2026-02-28,44.0,76.0,16.0,10.0,2.0,2996963.0,3744935.0,0.5789473684210527,ArcGIS FeatureServer (IMF PortWatch chokepoint6)
2026-03-01,7.0,17.0,4.0,3.0,0.0,207948.0,359113.0,0.4117647058823529,ArcGIS FeatureServer (IMF PortWatch chokepoint6)
2026-03-02,2.0,4.0,2.0,0.0,0.0,0.0,0.0,0.5,ArcGIS FeatureServer (IMF PortWatch chokepoint6)
2026-03-03,2.0,5.0,2.0,1.0,0.0,6701.0,103665.0,0.4,ArcGIS FeatureServer (IMF PortWatch chokepoint6)
2026-03-04,0.0,3.0,1.0,2.0,0.0,0.0,61673.0,0.0,ArcGIS FeatureServer (IMF PortWatch chokepoint6)
2026-03-05,1.0,4.0,0.0,2.0,0.0,0.0,43358.0,0.25,ArcGIS FeatureServer (IMF PortWatch chokepoint6)
2026-03-06,0.0,5.0,5.0,0.0,0.0,0.0,89328.0,0.0,ArcGIS FeatureServer (IMF PortWatch chokepoint6)
2026-03-07,2.0,7.0,3.0,1.0,0.0,0.0,74018.0,0.2857142857142857,ArcGIS FeatureServer (IMF PortWatch chokepoint6)
2026-03-08,1.0,6.0,3.0,1.0,0.0,0.0,105199.0,0.16666666666666666,ArcGIS FeatureServer (IMF PortWatch chokepoint6)
2026-03-09,6.0,9.0,2.0,0.0,0.0,154941.0,156541.0,0.6666666666666666,ArcGIS FeatureServer (IMF PortWatch chokepoint6)
2026-03-10,1.0,4.0,2.0,0.0,1.0,42122.0,126946.0,0.25,ArcGIS FeatureServer (IMF PortWatch chokepoint6)
2026-03-11,1.0,5.0,2.0,1.0,0.0,51338.0,180982.0,0.2,ArcGIS FeatureServer (IMF PortWatch chokepoint6)
2026-03-12,3.0,8.0,2.0,3.0,0.0,5366.0,53065.0,0.375,ArcGIS FeatureServer (IMF PortWatch chokepoint6)
2026-03-13,3.0,3.0,0.0,0.0,0.0,23880.0,23880.0,1.0,ArcGIS FeatureServer (IMF PortWatch chokepoint6)
2026-03-14,1.0,3.0,0.0,1.0,0.0,0.0,449.0,0.3333333333333333,ArcGIS FeatureServer (IMF PortWatch chokepoint6)
2026-03-15,5.0,9.0,3.0,0.0,0.0,348432.0,356294.0,0.5555555555555556,ArcGIS FeatureServer (IMF PortWatch chokepoint6)
2026-03-16,0.0,4.0,4.0,0.0,0.0,0.0,0.0,0.0,ArcGIS FeatureServer (IMF PortWatch chokepoint6)
2026-03-17,1.0,2.0,0.0,0.0,0.0,47804.0,48254.0,0.5,ArcGIS FeatureServer (IMF PortWatch chokepoint6)
2026-03-18,0.0,1.0,1.0,0.0,0.0,0.0,0.0,0.0,ArcGIS FeatureServer (IMF PortWatch chokepoint6)
2026-03-19,1.0,3.0,2.0,0.0,0.0,34576.0,34576.0,0.3333333333333333,ArcGIS FeatureServer (IMF PortWatch chokepoint6)
2026-03-20,3.0,6.0,1.0,1.0,0.0,118692.0,239761.0,0.5,ArcGIS FeatureServer (IMF PortWatch chokepoint6)
2026-03-21,0.0,0.0,0.0,0.0,0.0,0.0,0.0,0.0,ArcGIS FeatureServer (IMF PortWatch chokepoint6)
2026-03-22,0.0,3.0,3.0,0.0,0.0,0.0,47219.0,0.0,ArcGIS FeatureServer (IMF PortWatch chokepoint6)
2026-03-23,2.0,4.0,2.0,0.0,0.0,53593.0,142251.0,0.5,ArcGIS FeatureServer (IMF PortWatch chokepoint6)
2026-03-24,1.0,2.0,0.0,0.0,0.0,0.0,12988.0,0.5,ArcGIS FeatureServer (IMF PortWatch chokepoint6)
2026-03-25,1.0,1.0,0.0,0.0,0.0,0.0,0.0,1.0,ArcGIS FeatureServer (IMF PortWatch chokepoint6)
2026-03-26,0.0,5.0,4.0,1.0,0.0,0.0,79871.0,0.0,ArcGIS FeatureServer (IMF PortWatch chokepoint6)
2026-03-27,0.0,3.0,2.0,1.0,0.0,0.0,150065.0,0.0,ArcGIS FeatureServer (IMF PortWatch chokepoint6)
2026-03-28,0.0,4.0,4.0,0.0,0.0,0.0,97272.0,0.0,ArcGIS FeatureServer (IMF PortWatch chokepoint6)
2026-03-29,2.0,5.0,2.0,0.0,0.0,5464.0,124948.0,0.4,ArcGIS FeatureServer (IMF PortWatch chokepoint6)
2026-03-30,12.0,17.0,1.0,3.0,0.0,115147.0,275007.0,0.7058823529411765,ArcGIS FeatureServer (IMF PortWatch chokepoint6)
2026-03-31,2.0,6.0,1.0,2.0,0.0,70842.0,101218.0,0.3333333333333333,ArcGIS FeatureServer (IMF PortWatch chokepoint6)
2026-04-01,0.0,6.0,5.0,0.0,0.0,0.0,81633.0,0.0,ArcGIS FeatureServer (IMF PortWatch chokepoint6)
2026-04-02,2.0,6.0,2.0,1.0,0.0,0.0,120894.0,0.3333333333333333,ArcGIS FeatureServer (IMF PortWatch chokepoint6)
2026-04-03,4.0,5.0,0.0,0.0,0.0,97195.0,99536.0,0.8,ArcGIS FeatureServer (IMF PortWatch chokepoint6)
2026-04-04,2.0,10.0,7.0,1.0,0.0,38238.0,134722.0,0.2,ArcGIS FeatureServer (IMF PortWatch chokepoint6)
2026-04-05,7.0,9.0,1.0,0.0,0.0,266704.0,298164.0,0.7777777777777778,ArcGIS FeatureServer (IMF PortWatch chokepoint6)
2026-04-06,1.0,5.0,2.0,1.0,0.0,3964.0,81032.0,0.2,ArcGIS FeatureServer (IMF PortWatch chokepoint6)
2026-04-07,3.0,4.0,1.0,0.0,0.0,118890.0,162879.0,0.75,ArcGIS FeatureServer (IMF PortWatch chokepoint6)
2026-04-08,0.0,4.0,2.0,1.0,0.0,0.0,26346.0,0.0,ArcGIS FeatureServer (IMF PortWatch chokepoint6)
2026-04-09,4.0,9.0,3.0,0.0,0.0,22735.0,117481.0,0.4444444444444444,ArcGIS FeatureServer (IMF PortWatch chokepoint6)
2026-04-10,1.0,5.0,3.0,0.0,0.0,278711.0,289672.0,0.2,ArcGIS FeatureServer (IMF PortWatch chokepoint6)
2026-04-11,5.0,11.0,3.0,1.0,2.0,287665.0,413601.0,0.45454545454545453,ArcGIS FeatureServer (IMF PortWatch chokepoint6)
2026-04-12,3.0,8.0,5.0,0.0,0.0,2004.0,53278.0,0.375,ArcGIS FeatureServer (IMF PortWatch chokepoint6)
2026-04-13,4.0,11.0,2.0,1.0,0.0,34634.0,109556.0,0.36363636363636365,ArcGIS FeatureServer (IMF PortWatch chokepoint6)
2026-04-14,3.0,10.0,1.0,3.0,0.0,44920.0,148986.0,0.3,ArcGIS FeatureServer (IMF PortWatch chokepoint6)
2026-04-15,4.0,10.0,3.0,1.0,0.0,6839.0,346438.0,0.4,ArcGIS FeatureServer (IMF PortWatch chokepoint6)
2026-04-16,3.0,6.0,1.0,0.0,0.0,84152.0,87216.0,0.5,ArcGIS FeatureServer (IMF PortWatch chokepoint6)
2026-04-17,4.0,14.0,7.0,0.0,0.0,37270.0,39440.0,0.2857142857142857,ArcGIS FeatureServer (IMF PortWatch chokepoint6)
2026-04-18,16.0,29.0,6.0,7.0,0.0,874185.0,1472788.0,0.5517241379310345,ArcGIS FeatureServer (IMF PortWatch chokepoint6)
2026-04-19,2.0,4.0,0.0,0.0,0.0,9975.0,15165.0,0.5,ArcGIS FeatureServer (IMF PortWatch chokepoint6)
2026-04-20,4.0,7.0,0.0,2.0,0.0,43459.0,63504.0,0.5714285714285714,ArcGIS FeatureServer (IMF PortWatch chokepoint6)
2026-04-21,1.0,3.0,1.0,0.0,0.0,71090.0,72385.0,0.3333333333333333,ArcGIS FeatureServer (IMF PortWatch chokepoint6)
2026-04-22,2.0,7.0,1.0,2.0,0.0,0.0,121156.0,0.2857142857142857,ArcGIS FeatureServer (IMF PortWatch chokepoint6)
2026-04-23,0.0,2.0,1.0,0.0,0.0,0.0,35197.0,0.0,ArcGIS FeatureServer (IMF PortWatch chokepoint6)
2026-04-24,2.0,8.0,1.0,1.0,0.0,310377.0,413829.0,0.25,ArcGIS FeatureServer (IMF PortWatch chokepoint6)
2026-04-25,1.0,5.0,2.0,1.0,0.0,42882.0,168673.0,0.2,ArcGIS FeatureServer (IMF PortWatch chokepoint6)
2026-04-26,1.0,5.0,4.0,0.0,0.0,0.0,164200.0,0.2,ArcGIS FeatureServer (IMF PortWatch chokepoint6)
2026-04-27,1.0,3.0,0.0,0.0,0.0,71366.0,114882.0,0.3333333333333333,ArcGIS FeatureServer (IMF PortWatch chokepoint6)
2026-04-28,3.0,11.0,0.0,0.0,0.0,303841.0,331616.0,0.2727272727272727,ArcGIS FeatureServer (IMF PortWatch chokepoint6)
2026-04-29,3.0,6.0,2.0,0.0,0.0,11036.0,397489.0,0.5,ArcGIS FeatureServer (IMF PortWatch chokepoint6)
2026-04-30,3.0,5.0,1.0,1.0,0.0,4205.0,4205.0,0.6,ArcGIS FeatureServer (IMF PortWatch chokepoint6)
2026-05-01,2.0,6.0,1.0,0.0,0.0,36640.0,69966.0,0.3333333333333333,ArcGIS FeatureServer (IMF PortWatch chokepoint6)
2026-05-02,2.0,4.0,2.0,0.0,0.0,45868.0,45868.0,0.5,ArcGIS FeatureServer (IMF PortWatch chokepoint6)
2026-05-03,1.0,5.0,2.0,0.0,0.0,0.0,122148.0,0.2,ArcGIS FeatureServer (IMF PortWatch chokepoint6)
2026-05-04,0.0,3.0,1.0,2.0,0.0,0.0,20058.0,0.0,ArcGIS FeatureServer (IMF PortWatch chokepoint6)
2026-05-05,0.0,1.0,1.0,0.0,0.0,0.0,0.0,0.0,ArcGIS FeatureServer (IMF PortWatch chokepoint6)
2026-05-06,0.0,0.0,0.0,0.0,0.0,0.0,0.0,0.0,ArcGIS FeatureServer (IMF PortWatch chokepoint6)
2026-05-07,1.0,2.0,1.0,0.0,0.0,273027.0,273027.0,0.5,ArcGIS FeatureServer (IMF PortWatch chokepoint6)
2026-05-08,0.0,0.0,0.0,0.0,0.0,0.0,0.0,0.0,ArcGIS FeatureServer (IMF PortWatch chokepoint6)
2026-05-09,1.0,1.0,0.0,0.0,0.0,98525.0,98525.0,1.0,ArcGIS FeatureServer (IMF PortWatch chokepoint6)
2026-05-10,2.0,4.0,2.0,0.0,0.0,319376.0,450300.0,0.5,ArcGIS FeatureServer (IMF PortWatch chokepoint6)
2026-05-11,3.0,7.0,3.0,0.0,0.0,88456.0,171377.0,0.42857142857142855,ArcGIS FeatureServer (IMF PortWatch chokepoint6)
2026-05-12,3.0,7.0,2.0,0.0,1.0,82996.0,111521.0,0.42857142857142855,ArcGIS FeatureServer (IMF PortWatch chokepoint6)
2026-05-13,4.0,7.0,1.0,0.0,0.0,661047.0,662473.0,0.5714285714285714,ArcGIS FeatureServer (IMF PortWatch chokepoint6)
2026-05-14,4.0,7.0,1.0,1.0,0.0,42976.0,64631.0,0.5714285714285714,ArcGIS FeatureServer (IMF PortWatch chokepoint6)
2026-05-15,2.0,4.0,0.0,1.0,0.0,5341.0,32244.0,0.5,ArcGIS FeatureServer (IMF PortWatch chokepoint6)
2026-05-16,2.0,10.0,6.0,2.0,0.0,36579.0,379834.0,0.2,ArcGIS FeatureServer (IMF PortWatch chokepoint6)
2026-05-17,0.0,2.0,0.0,2.0,0.0,0.0,0.0,0.0,ArcGIS FeatureServer (IMF PortWatch chokepoint6)
2026-05-18,1.0,2.0,0.0,0.0,0.0,0.0,692.0,0.5,ArcGIS FeatureServer (IMF PortWatch chokepoint6)
2026-05-19,4.0,6.0,1.0,1.0,0.0,574856.0,683138.0,0.6666666666666666,ArcGIS FeatureServer (IMF PortWatch chokepoint6)
2026-05-20,4.0,12.0,6.0,2.0,0.0,290295.0,611970.0,0.3333333333333333,ArcGIS FeatureServer (IMF PortWatch chokepoint6)
2026-05-21,2.0,4.0,1.0,0.0,0.0,42682.0,43403.0,0.5,ArcGIS FeatureServer (IMF PortWatch chokepoint6)
2026-05-22,0.0,5.0,2.0,2.0,0.0,0.0,85495.0,0.0,ArcGIS FeatureServer (IMF PortWatch chokepoint6)
2026-05-23,4.0,9.0,3.0,0.0,0.0,409069.0,458962.0,0.4444444444444444,ArcGIS FeatureServer (IMF PortWatch chokepoint6)
2026-05-24,2.0,4.0,2.0,0.0,0.0,6839.0,61353.0,0.5,ArcGIS FeatureServer (IMF PortWatch chokepoint6)
2026-05-25,2.0,6.0,1.0,2.0,0.0,0.0,38844.0,0.3333333333333333,ArcGIS FeatureServer (IMF PortWatch chokepoint6)
2026-05-26,0.0,2.0,1.0,0.0,0.0,0.0,349.0,0.0,ArcGIS FeatureServer (IMF PortWatch chokepoint6)
2026-05-27,2.0,5.0,1.0,1.0,0.0,106096.0,133671.0,0.4,ArcGIS FeatureServer (IMF PortWatch chokepoint6)
2026-05-28,0.0,3.0,1.0,1.0,0.0,0.0,65232.0,0.0,ArcGIS FeatureServer (IMF PortWatch chokepoint6)
2026-05-29,1.0,3.0,0.0,1.0,1.0,0.0,6056.0,0.3333333333333333,ArcGIS FeatureServer (IMF PortWatch chokepoint6)
2026-05-30,0.0,4.0,2.0,0.0,0.0,0.0,53250.0,0.0,ArcGIS FeatureServer (IMF PortWatch chokepoint6)
2026-05-31,2.0,10.0,2.0,3.0,0.0,594.0,154946.0,0.2,ArcGIS FeatureServer (IMF PortWatch chokepoint6)
2026-06-01,1.0,5.0,2.0,1.0,0.0,0.0,141757.0,0.2,ArcGIS FeatureServer (IMF PortWatch chokepoint6)
2026-06-02,4.0,10.0,3.0,1.0,1.0,33268.0,150416.0,0.4,ArcGIS FeatureServer (IMF PortWatch chokepoint6)
2026-06-03,3.0,10.0,3.0,1.0,0.0,12294.0,128408.0,0.3,ArcGIS FeatureServer (IMF PortWatch chokepoint6)
2026-06-04,1.0,3.0,0.0,0.0,0.0,0.0,1047.0,0.3333333333333333,ArcGIS FeatureServer (IMF PortWatch chokepoint6)
2026-06-05,1.0,3.0,0.0,0.0,0.0,43988.0,44155.0,0.3333333333333333,ArcGIS FeatureServer (IMF PortWatch chokepoint6)
2026-06-06,1.0,3.0,2.0,0.0,0.0,42783.0,136153.0,0.3333333333333333,ArcGIS FeatureServer (IMF PortWatch chokepoint6)
2026-06-07,1.0,2.0,1.0,0.0,0.0,42156.0,68817.0,0.5,ArcGIS FeatureServer (IMF PortWatch chokepoint6)
2026-06-08,1.0,8.0,1.0,2.0,0.0,6794.0,61845.0,0.125,ArcGIS FeatureServer (IMF PortWatch chokepoint6)
2026-06-09,2.0,4.0,1.0,0.0,0.0,48671.0,49531.0,0.5,ArcGIS FeatureServer (IMF PortWatch chokepoint6)
2026-06-10,0.0,2.0,0.0,0.0,0.0,0.0,2864.0,0.0,ArcGIS FeatureServer (IMF PortWatch chokepoint6)
2026-06-11,2.0,2.0,0.0,0.0,0.0,10766.0,10766.0,1.0,ArcGIS FeatureServer (IMF PortWatch chokepoint6)
2026-06-12,1.0,2.0,1.0,0.0,0.0,11375.0,80678.0,0.5,ArcGIS FeatureServer (IMF PortWatch chokepoint6)
2026-06-13,0.0,0.0,0.0,0.0,0.0,0.0,0.0,0.0,ArcGIS FeatureServer (IMF PortWatch chokepoint6)
2026-06-14,0.0,0.0,0.0,0.0,0.0,0.0,0.0,0.0,ArcGIS FeatureServer (IMF PortWatch chokepoint6)
