index,spread_usd,source
0,1.6100006103515625,Calculated (Brent - WTI from yfinance)
1,1.55999755859375,Calculated (Brent - WTI from yfinance)
2,2.0800018310546875,Calculated (Brent - WTI from yfinance)
3,2.970001220703125,Calculated (Brent - WTI from yfinance)
4,2.7699966430664062,Calculated (Brent - WTI from yfinance)
5,2.7600021362304688,Calculated (Brent - WTI from yfinance)
6,2.4900054931640625,Calculated (Brent - WTI from yfinance)
7,2.25,Calculated (Brent - WTI from yfinance)
8,2.5,Calculated (Brent - WTI from yfinance)
9,1.660003662109375,Calculated (Brent - WTI from yfinance)
10,1.660003662109375,Calculated (Brent - WTI from yfinance)
11,1.8000030517578125,Calculated (Brent - WTI from yfinance)
12,1.7900009155273438,Calculated (Brent - WTI from yfinance)
13,1.6500015258789062,Calculated (Brent - WTI from yfinance)
14,1.8199996948242188,Calculated (Brent - WTI from yfinance)
15,1.8100051879882812,Calculated (Brent - WTI from yfinance)
16,2.0699996948242188,Calculated (Brent - WTI from yfinance)
17,1.910003662109375,Calculated (Brent - WTI from yfinance)
18,2.2299957275390625,Calculated (Brent - WTI from yfinance)
19,2.19000244140625,Calculated (Brent - WTI from yfinance)
20,2.1399993896484375,Calculated (Brent - WTI from yfinance)
21,1.9799957275390625,Calculated (Brent - WTI from yfinance)
22,1.94000244140625,Calculated (Brent - WTI from yfinance)
23,2.0100021362304688,Calculated (Brent - WTI from yfinance)
24,2.3799972534179688,Calculated (Brent - WTI from yfinance)
25,3.2600021362304688,Calculated (Brent - WTI from yfinance)
26,3.1500015258789062,Calculated (Brent - WTI from yfinance)
27,3.279998779296875,Calculated (Brent - WTI from yfinance)
28,3.3300018310546875,Calculated (Brent - WTI from yfinance)
29,3.3000030517578125,Calculated (Brent - WTI from yfinance)
30,3.2399978637695312,Calculated (Brent - WTI from yfinance)
31,3.2699966430664062,Calculated (Brent - WTI from yfinance)
32,2.339996337890625,Calculated (Brent - WTI from yfinance)
33,2.470001220703125,Calculated (Brent - WTI from yfinance)
34,2.4799957275390625,Calculated (Brent - WTI from yfinance)
35,2.5400009155273438,Calculated (Brent - WTI from yfinance)
36,2.549999237060547,Calculated (Brent - WTI from yfinance)
37,2.7099952697753906,Calculated (Brent - WTI from yfinance)
38,2.6699981689453125,Calculated (Brent - WTI from yfinance)
39,2.9500045776367188,Calculated (Brent - WTI from yfinance)
40,2.9799957275390625,Calculated (Brent - WTI from yfinance)
41,2.8799972534179688,Calculated (Brent - WTI from yfinance)
42,3.049999237060547,Calculated (Brent - WTI from yfinance)
43,3.1800003051757812,Calculated (Brent - WTI from yfinance)
44,3.44000244140625,Calculated (Brent - WTI from yfinance)
45,3.6299972534179688,Calculated (Brent - WTI from yfinance)
46,4.149997711181641,Calculated (Brent - WTI from yfinance)
47,4.070003509521484,Calculated (Brent - WTI from yfinance)
48,4.0,Calculated (Brent - WTI from yfinance)
49,3.970001220703125,Calculated (Brent - WTI from yfinance)
50,3.9000015258789062,Calculated (Brent - WTI from yfinance)
51,4.0200042724609375,Calculated (Brent - WTI from yfinance)
52,4.1100006103515625,Calculated (Brent - WTI from yfinance)
53,3.5500030517578125,Calculated (Brent - WTI from yfinance)
54,3.6299972534179688,Calculated (Brent - WTI from yfinance)
55,3.509998321533203,Calculated (Brent - WTI from yfinance)
56,3.6300010681152344,Calculated (Brent - WTI from yfinance)
57,3.759998321533203,Calculated (Brent - WTI from yfinance)
58,3.759998321533203,Calculated (Brent - WTI from yfinance)
59,3.8199996948242188,Calculated (Brent - WTI from yfinance)
60,4.000003814697266,Calculated (Brent - WTI from yfinance)
61,4.299999237060547,Calculated (Brent - WTI from yfinance)
62,4.140003204345703,Calculated (Brent - WTI from yfinance)
63,3.9500045776367188,Calculated (Brent - WTI from yfinance)
64,3.899993896484375,Calculated (Brent - WTI from yfinance)
65,3.8700027465820312,Calculated (Brent - WTI from yfinance)
66,4.0,Calculated (Brent - WTI from yfinance)
67,3.9300003051757812,Calculated (Brent - WTI from yfinance)
68,4.219997406005859,Calculated (Brent - WTI from yfinance)
69,4.319999694824219,Calculated (Brent - WTI from yfinance)
70,4.439994812011719,Calculated (Brent - WTI from yfinance)
71,4.409996032714844,Calculated (Brent - WTI from yfinance)
72,4.520000457763672,Calculated (Brent - WTI from yfinance)
73,4.649997711181641,Calculated (Brent - WTI from yfinance)
74,3.5699996948242188,Calculated (Brent - WTI from yfinance)
75,3.6300010681152344,Calculated (Brent - WTI from yfinance)
76,3.6499977111816406,Calculated (Brent - WTI from yfinance)
77,3.7800025939941406,Calculated (Brent - WTI from yfinance)
78,3.7199974060058594,Calculated (Brent - WTI from yfinance)
79,3.700000762939453,Calculated (Brent - WTI from yfinance)
80,3.710002899169922,Calculated (Brent - WTI from yfinance)
81,3.829998016357422,Calculated (Brent - WTI from yfinance)
82,3.829998016357422,Calculated (Brent - WTI from yfinance)
83,3.6899986267089844,Calculated (Brent - WTI from yfinance)
84,3.6399993896484375,Calculated (Brent - WTI from yfinance)
85,3.6000022888183594,Calculated (Brent - WTI from yfinance)
86,3.75,Calculated (Brent - WTI from yfinance)
87,3.4899978637695312,Calculated (Brent - WTI from yfinance)
88,3.5,Calculated (Brent - WTI from yfinance)
89,4.090000152587891,Calculated (Brent - WTI from yfinance)
90,4.1999969482421875,Calculated (Brent - WTI from yfinance)
91,4.44000244140625,Calculated (Brent - WTI from yfinance)
92,4.310001373291016,Calculated (Brent - WTI from yfinance)
93,4.25,Calculated (Brent - WTI from yfinance)
94,4.439998626708984,Calculated (Brent - WTI from yfinance)
95,4.430000305175781,Calculated (Brent - WTI from yfinance)
96,4.090000152587891,Calculated (Brent - WTI from yfinance)
97,3.8400001525878906,Calculated (Brent - WTI from yfinance)
98,3.8800010681152344,Calculated (Brent - WTI from yfinance)
99,3.920001983642578,Calculated (Brent - WTI from yfinance)
100,3.950000762939453,Calculated (Brent - WTI from yfinance)
101,3.8800010681152344,Calculated (Brent - WTI from yfinance)
102,3.9299964904785156,Calculated (Brent - WTI from yfinance)
103,4.120002746582031,Calculated (Brent - WTI from yfinance)
104,4.219997406005859,Calculated (Brent - WTI from yfinance)
105,4.319999694824219,Calculated (Brent - WTI from yfinance)
106,4.299999237060547,Calculated (Brent - WTI from yfinance)
107,4.289997100830078,Calculated (Brent - WTI from yfinance)
108,4.149997711181641,Calculated (Brent - WTI from yfinance)
109,4.069999694824219,Calculated (Brent - WTI from yfinance)
110,4.240001678466797,Calculated (Brent - WTI from yfinance)
111,4.5,Calculated (Brent - WTI from yfinance)
112,4.529998779296875,Calculated (Brent - WTI from yfinance)
113,4.529998779296875,Calculated (Brent - WTI from yfinance)
114,4.479999542236328,Calculated (Brent - WTI from yfinance)
115,4.650001525878906,Calculated (Brent - WTI from yfinance)
116,3.8499984741210938,Calculated (Brent - WTI from yfinance)
117,3.8100013732910156,Calculated (Brent - WTI from yfinance)
118,3.7199974060058594,Calculated (Brent - WTI from yfinance)
119,3.5900001525878906,Calculated (Brent - WTI from yfinance)
120,3.6699981689453125,Calculated (Brent - WTI from yfinance)
121,3.6100006103515625,Calculated (Brent - WTI from yfinance)
122,3.6899986267089844,Calculated (Brent - WTI from yfinance)
123,3.75,Calculated (Brent - WTI from yfinance)
124,3.6800003051757812,Calculated (Brent - WTI from yfinance)
125,3.6800003051757812,Calculated (Brent - WTI from yfinance)
126,3.740001678466797,Calculated (Brent - WTI from yfinance)
127,3.6499977111816406,Calculated (Brent - WTI from yfinance)
128,3.740001678466797,Calculated (Brent - WTI from yfinance)
129,3.6699981689453125,Calculated (Brent - WTI from yfinance)
130,3.8100013732910156,Calculated (Brent - WTI from yfinance)
131,4.060001373291016,Calculated (Brent - WTI from yfinance)
132,4.0,Calculated (Brent - WTI from yfinance)
133,3.890003204345703,Calculated (Brent - WTI from yfinance)
134,3.8999977111816406,Calculated (Brent - WTI from yfinance)
135,3.859996795654297,Calculated (Brent - WTI from yfinance)
136,3.9699974060058594,Calculated (Brent - WTI from yfinance)
137,3.4300003051757812,Calculated (Brent - WTI from yfinance)
138,3.4300003051757812,Calculated (Brent - WTI from yfinance)
139,3.4399986267089844,Calculated (Brent - WTI from yfinance)
140,3.5699996948242188,Calculated (Brent - WTI from yfinance)
141,3.9699974060058594,Calculated (Brent - WTI from yfinance)
142,4.230003356933594,Calculated (Brent - WTI from yfinance)
143,4.220001220703125,Calculated (Brent - WTI from yfinance)
144,4.369998931884766,Calculated (Brent - WTI from yfinance)
145,4.319999694824219,Calculated (Brent - WTI from yfinance)
146,4.499996185302734,Calculated (Brent - WTI from yfinance)
147,4.569999694824219,Calculated (Brent - WTI from yfinance)
148,4.689998626708984,Calculated (Brent - WTI from yfinance)
149,4.579998016357422,Calculated (Brent - WTI from yfinance)
150,4.619998931884766,Calculated (Brent - WTI from yfinance)
151,4.6999969482421875,Calculated (Brent - WTI from yfinance)
152,4.80999755859375,Calculated (Brent - WTI from yfinance)
153,4.959995269775391,Calculated (Brent - WTI from yfinance)
154,5.180000305175781,Calculated (Brent - WTI from yfinance)
155,5.19000244140625,Calculated (Brent - WTI from yfinance)
156,5.290000915527344,Calculated (Brent - WTI from yfinance)
157,5.480003356933594,Calculated (Brent - WTI from yfinance)
158,4.160003662109375,Calculated (Brent - WTI from yfinance)
159,4.120002746582031,Calculated (Brent - WTI from yfinance)
160,4.319999694824219,Calculated (Brent - WTI from yfinance)
161,4.260002136230469,Calculated (Brent - WTI from yfinance)
162,4.500003814697266,Calculated (Brent - WTI from yfinance)
163,4.680000305175781,Calculated (Brent - WTI from yfinance)
164,4.840003967285156,Calculated (Brent - WTI from yfinance)
165,4.7700042724609375,Calculated (Brent - WTI from yfinance)
166,4.679996490478516,Calculated (Brent - WTI from yfinance)
167,4.8600006103515625,Calculated (Brent - WTI from yfinance)
168,5.089996337890625,Calculated (Brent - WTI from yfinance)
169,5.159996032714844,Calculated (Brent - WTI from yfinance)
170,5.230003356933594,Calculated (Brent - WTI from yfinance)
171,5.370002746582031,Calculated (Brent - WTI from yfinance)
172,5.180000305175781,Calculated (Brent - WTI from yfinance)
173,5.1399993896484375,Calculated (Brent - WTI from yfinance)
174,5.430000305175781,Calculated (Brent - WTI from yfinance)
175,5.540000915527344,Calculated (Brent - WTI from yfinance)
176,5.4600067138671875,Calculated (Brent - WTI from yfinance)
177,6.5099945068359375,Calculated (Brent - WTI from yfinance)
178,6.840003967285156,Calculated (Brent - WTI from yfinance)
179,6.739997863769531,Calculated (Brent - WTI from yfinance)
180,4.400001525878906,Calculated (Brent - WTI from yfinance)
181,1.7900009155273438,Calculated (Brent - WTI from yfinance)
182,4.19000244140625,Calculated (Brent - WTI from yfinance)
183,4.350006103515625,Calculated (Brent - WTI from yfinance)
184,4.730003356933594,Calculated (Brent - WTI from yfinance)
185,4.7299957275390625,Calculated (Brent - WTI from yfinance)
186,4.430000305175781,Calculated (Brent - WTI from yfinance)
187,6.709999084472656,Calculated (Brent - WTI from yfinance)
188,7.209999084472656,Calculated (Brent - WTI from yfinance)
189,11.05999755859375,Calculated (Brent - WTI from yfinance)
190,12.510002136230469,Calculated (Brent - WTI from yfinance)
191,13.870002746582031,Calculated (Brent - WTI from yfinance)
192,11.810005187988281,Calculated (Brent - WTI from yfinance)
193,12.139999389648438,Calculated (Brent - WTI from yfinance)
194,11.900001525878906,Calculated (Brent - WTI from yfinance)
195,13.529998779296875,Calculated (Brent - WTI from yfinance)
196,12.930000305175781,Calculated (Brent - WTI from yfinance)
197,9.900001525878906,Calculated (Brent - WTI from yfinance)
198,16.970001220703125,Calculated (Brent - WTI from yfinance)
199,1.0400009155273438,Calculated (Brent - WTI from yfinance)
200,-2.5100021362304688,Calculated (Brent - WTI from yfinance)
201,-2.6400070190429688,Calculated (Brent - WTI from yfinance)
202,-3.6800003051757812,Calculated (Brent - WTI from yfinance)
203,0.339996337890625,Calculated (Brent - WTI from yfinance)
204,-1.9500045776367188,Calculated (Brent - WTI from yfinance)
205,-1.3700027465820312,Calculated (Brent - WTI from yfinance)
206,0.279998779296875,Calculated (Brent - WTI from yfinance)
207,3.5100021362304688,Calculated (Brent - WTI from yfinance)
208,3.6399993896484375,Calculated (Brent - WTI from yfinance)
209,4.6999969482421875,Calculated (Brent - WTI from yfinance)
210,6.529998779296875,Calculated (Brent - WTI from yfinance)
211,5.870002746582031,Calculated (Brent - WTI from yfinance)
212,6.350006103515625,Calculated (Brent - WTI from yfinance)
213,8.950004577636719,Calculated (Brent - WTI from yfinance)
214,9.220001220703125,Calculated (Brent - WTI from yfinance)
215,10.930000305175781,Calculated (Brent - WTI from yfinance)
216,11.860000610351562,Calculated (Brent - WTI from yfinance)
217,11.330001831054688,Calculated (Brent - WTI from yfinance)
218,11.150001525878906,Calculated (Brent - WTI from yfinance)
219,8.94000244140625,Calculated (Brent - WTI from yfinance)
220,6.2299957275390625,Calculated (Brent - WTI from yfinance)
221,8.020004272460938,Calculated (Brent - WTI from yfinance)
222,7.600006103515625,Calculated (Brent - WTI from yfinance)
223,6.189994812011719,Calculated (Brent - WTI from yfinance)
224,5.25,Calculated (Brent - WTI from yfinance)
225,5.870002746582031,Calculated (Brent - WTI from yfinance)
226,6.1399993896484375,Calculated (Brent - WTI from yfinance)
227,5.589996337890625,Calculated (Brent - WTI from yfinance)
228,4.6100006103515625,Calculated (Brent - WTI from yfinance)
229,4.5500030517578125,Calculated (Brent - WTI from yfinance)
230,3.8400039672851562,Calculated (Brent - WTI from yfinance)
231,3.4399948120117188,Calculated (Brent - WTI from yfinance)
232,3.5100021362304688,Calculated (Brent - WTI from yfinance)
233,6.7599945068359375,Calculated (Brent - WTI from yfinance)
234,6.230003356933594,Calculated (Brent - WTI from yfinance)
235,6.94000244140625,Calculated (Brent - WTI from yfinance)
236,5.69000244140625,Calculated (Brent - WTI from yfinance)
237,5.6100006103515625,Calculated (Brent - WTI from yfinance)
238,4.80999755859375,Calculated (Brent - WTI from yfinance)
239,4.69000244140625,Calculated (Brent - WTI from yfinance)
240,2.8199996948242188,Calculated (Brent - WTI from yfinance)
241,2.2399978637695312,Calculated (Brent - WTI from yfinance)
242,1.7900009155273438,Calculated (Brent - WTI from yfinance)
243,1.9899978637695312,Calculated (Brent - WTI from yfinance)
244,2.5499954223632812,Calculated (Brent - WTI from yfinance)
245,2.9499969482421875,Calculated (Brent - WTI from yfinance)
246,3.25,Calculated (Brent - WTI from yfinance)
247,3.0699996948242188,Calculated (Brent - WTI from yfinance)
248,2.6699981689453125,Calculated (Brent - WTI from yfinance)
249,2.4500045776367188,Calculated (Brent - WTI from yfinance)
250,2.4199981689453125,Calculated (Brent - WTI from yfinance)
251,2.9099960327148438,Calculated (Brent - WTI from yfinance)
252,3.7099990844726562,Calculated (Brent - WTI from yfinance)
